feature1,feature2,feature3,target
0.4967141530112327,1.3993554365860021,-0.6751782749743815,3.2392698426009203
-0.13826430117118466,0.9246336829127688,-0.14451867071551783,1.0966427563065926
0.6476885381006925,0.05963036992017413,-0.7924199209999613,1.7396720382394626
1.5230298564080254,-0.6469367777055739,-0.3079615296390403,2.4184040768112287
-0.23415337472333597,0.69822331361359,-1.8936146669537857,1.581490866903982
-0.23413695694918055,0.3934853854217497,0.21329370737293857,-0.1182408463621949
1.5792128155073915,0.8951932200277323,0.0012054753622242368,4.549216352317032
0.7674347291529088,0.6351718016819695,-0.8170886310681906,2.7414410774690308
-0.4694743859349521,1.0495527153193351,0.6592456684324051,0.4140265722816033
0.5425600435859647,-0.535235211560568,0.9375701376265584,-0.23363026416398974
-0.46341769281246226,1.3173940656343257,-1.6075598643689741,1.843672026137134
-0.46572975357025687,0.19759960469239965,-0.7627247785662142,-0.12111804606458809
0.24196227156603412,2.0752608726252655,-0.7691423497872981,3.8526706701051907
-1.913280244657798,-0.6891878180895679,-0.9399031011088645,-4.530102484406814
-1.7249178325130328,1.7359638031652493,0.8294748419317485,-1.3189873138786665
-0.5622875292409727,0.1979107834626478,-0.19382613877280352,-0.6269579287996403
-1.0128311203344238,-0.6514180036144483,-0.26451484131061076,-3.0224664329828994
0.3142473325952739,-0.48388583405432156,-2.0038623644067535,0.6213815365013851
-0.9080240755212111,-0.32034730819432017,0.6354180302092264,-2.6593940142794157
-1.4123037013352917,0.4241659464019164,-1.2392583948534726,-1.5135552056498802
1.465648768921554,0.5228354880354996,0.059932630266328335,3.805610629737077
-0.22577630048653566,-0.573700003938579,0.27737693795819207,-1.4971072120685756
0.06752820468792384,-0.02435459226098284,1.360658595838651,-0.6229474376465524
-1.4247481862134568,2.1422703586118637,-1.308820399119112,1.1337094384760127
-0.5443827245251827,1.7275431701007113,-3.0195121558208253,2.8253312140415723
0.11092258970986608,0.4363236696740321,0.18384954475369486,0.7455538340356319
-1.1509935774223028,0.03800347816820029,1.8005111815108537,-3.126195139355226
0.37569801834567196,0.1200313267182613,1.2389463529394373,0.35689172242752065
-0.600638689918805,0.6135179727304166,0.20965941527462578,-0.43681079769838616
-0.2916937497932768,-1.0227925651984056,-0.49163618563204736,-1.8683141533975542
-0.6017066122293969,-0.25737653742334515,0.8071225966373103,-2.2418720642537657
1.8522781845089378,-1.66858407387759,-0.9735461997044687,1.62262851682034
-0.013497224737933914,0.39922312260527926,0.4763577693562191,0.3790122210093882
-1.0577109289559,0.647195939702741,0.5054701591666267,-1.4955924313664697
0.822544912103189,-0.4831864622993739,1.0602099074988798,0.396103599166837
-1.2208436499710222,1.5739867632900326,2.7596600389110777,-1.4158499243822646
0.2088635950047554,-1.225765663002341,0.39241596717876703,-1.6513842081691608
-1.9596701238797756,-1.46437488020982,-0.5089636257074988,-5.844374378120875
-1.3281860488984305,0.22445181855997198,-0.025574312191994436,-2.403180470389367
0.19686123586912352,1.0470983026121545,-1.7690759048891183,2.828246750131433
0.7384665799954104,1.6839276914578687,-0.6947131310890582,4.411202879681076
0.1713682811899705,-0.45888426286894,-0.409282438113104,-0.12525131677007362
-0.11564828238824053,1.0786808334312956,-0.5240883979345925,1.5901157573813651
-0.3011036955892888,-0.03850846950070721,0.152354872033722,-0.71372589101742
-1.4785219903674274,-0.17262729994081963,-0.8224199323822006,-2.733313985391322
-0.7198442083947086,0.8836599374866724,1.1210306673244714,-0.8797079720793923
-0.4606387709597875,0.6523228784134196,0.0002070649181973595,0.17301064973704555
1.0571222262189157,-1.5763921569842494,-0.009300321138626349,-0.2793190963373365
0.3436182895684614,1.4765403497258958,-0.32789471651291785,3.1085434553062483
-1.763040155362734,1.3800913541474515,0.15519068385897913,-1.413813929069257
0.324083969394795,-0.6255627015095294,0.8250982646676346,-0.839892615531568
-0.38508228041631654,0.39580353343740904,-0.8671302157109002,0.18616174693617593
-0.6769220003059587,0.4940301862827388,-0.6581164890752567,-0.31259534623775137
0.6116762888408679,0.2606737658239071,-0.30372602877666466,1.687850888693486
1.030999522495951,-0.5503051538454201,-1.345870923473215,2.08297043354406
0.9312801191161986,-0.6716233679380516,-0.8192578597214978,1.1790769068033895
-0.8392175232226385,-0.025554070991445278,-0.47622087354465886,-1.5342103941088021
-0.3092123758512146,1.1727290192593647,0.8743891807127272,0.723913089990552
0.33126343140356396,0.5436001545944323,0.2625613290019253,1.2264314775902048
0.9755451271223592,-0.37061433208610595,0.19358991136754458,1.2588057292561607
-0.47917423784528995,0.7716987106483447,0.8508979621679722,-0.1945040646770315
-0.18565897666381712,-2.8485426206300755,-0.13737178839939665,-4.6087320305113
-1.1063349740060282,1.1487657003721035,0.3904648499288896,-0.6940925083083409
-1.1962066240806708,-1.7397137787780996,-0.10322175293249623,-5.00330625110708
0.812525822394198,-0.36244094140313216,0.26536234939962844,0.7972620270658071
1.356240028570823,-1.1196698946261439,-0.5827586576115821,1.3565138651421451
-0.07201012158033385,-1.2946814757209055,-2.438817158276429,-0.6911405704390872
1.0035328978920242,1.1608267873785192,-0.13427916218630415,3.817285721023323
0.36163602504763415,-0.46770120131189136,1.42274813609994,-0.6671274081977838
-0.6451197546051243,0.3465038817307158,0.9262154022415922,-1.164319112223285
0.36139560550841393,-0.04692057887918407,0.9653974845911707,0.04277855074779649
1.5380365664659692,0.47704082722312147,1.2361307218062179,3.3438204786764723
-0.03582603910995153,0.07682189106025536,0.08865759096143765,0.019484842532041358
1.564643655814006,-1.2829922241885696,0.19731570740559606,1.2693268115512706
-2.6197451040897444,0.99626681944714,-0.6176518954343502,-3.5095673308440025
0.8219025043752238,-0.4937565831613125,-0.31607285602704976,1.2430127542777862
0.08704706823817134,-1.556581898659751,0.6157711497711416,-2.3911487369953766
-0.29900735046586785,-0.4281151609659125,1.2038844371688162,-1.7868256523797765
0.0917607765355023,1.5007597906343109,-0.13944627568099954,2.5277868222982858
-1.9875689146008928,0.8502217421134929,-0.4501892648514116,-2.499563445413285
-0.21967188783751193,-0.3486521344078592,0.0005279588565972929,-0.842532790867724
0.3571125715117464,-0.3492577043184288,0.6012067489291151,-0.09622880093390317
1.477894044741516,-0.3216350512173826,-1.4438548161335418,2.998555950365014
-0.5182702182736474,2.076747983560841,-2.296180953137238,3.1149533691918854
-0.8084936028931876,0.38193545223155334,-0.5505368494915835,-0.7874001779125283
-0.5017570435845365,0.43004164719106963,-1.2207124259141586,0.2829044948911661
0.9154021177020741,1.0302834540318422,-0.5081401976473109,3.6246406663855772
0.32875110965968446,0.23878915902651351,-0.14778031881747153,1.2114731962472411
-0.5297602037670388,-0.2590421458207031,-0.4532484090230134,-1.416569608157488
0.5132674331133561,-0.19634984908497827,1.4524675344707454,0.020135119014388088
0.09707754934804039,-0.07160125941406395,0.32674476460232005,-0.25841709526489065
0.9686449905328892,-0.03722223650984159,0.30047435961082836,1.8071906760440184
-0.7020530938773524,0.7276295436369798,0.6222071440434019,-0.6332113157651362
-0.3276621465977682,0.05194588580729943,-1.1388331177807691,0.03397209160820908
-0.39210815313215763,0.7326400772155792,1.0391117874202687,-0.2912003802100574
-1.4635149481321186,-0.08071658010858232,-0.07576428653545988,-2.8822761299936057
0.29612027706457605,0.07863519031609059,0.6704806172412126,0.47912549738856686
0.26105527217988933,-1.9982006845321076,-1.0718572330401555,-1.880907435617116
0.0051134566424609,0.9163276747024814,-1.5537587660160643,2.1486460836603323
-0.23458713337514742,0.3464884758979927,0.8178896580250286,-0.30040065338630684
-1.4153707420504142,0.9980101098596522,0.3764095260975166,-1.5926203391588434
-0.42064532276535904,-2.8962553781936893,-0.9020515543575104,-4.649092369740425
-0.3427145165267695,2.0883747047807275,-0.8696630812746944,3.0469126541872913
-0.8022772692216189,-0.13958962815517376,1.1254347844147694,-2.269595316885465
-0.16128571166600914,1.1081828167375165,-1.1894118928673278,1.8614485012271795
0.4040508568145384,-1.0399059271255309,1.6426729532559634,-1.5369519219598908
1.8861859012105302,0.6127739050625697,-0.9006207346478687,5.012528872962984
0.17457781283183896,-1.0534155631736561,0.638391925608383,-1.4929246507834302
0.257550390722764,-0.6237689606958051,-0.3286184757489846,-0.21118308043743347
-0.0744459157661671,1.9140313538667861,0.6031874310823431,2.2335798497734567
-1.9187712152990415,-0.19068240076334658,-0.5441140021141926,-3.9676874150772425
-0.026513875449216878,0.21743287317972287,-0.1627929060722942,0.326204122232921
0.06023020994102644,0.8700677306887539,0.04091917539572113,1.3750164535032405
2.463242112485286,0.4956818879726045,-1.0021874557814727,6.050153091278334
-0.19236096478112252,0.15041890514357628,0.7408243454201257,-0.49060787162172503
0.30154734233361247,0.3649610024662251,-0.5132135664715851,1.4322903324964062
-0.03471176970524331,2.403415585238275,-0.22859991534001858,3.630572882919084
-1.168678037619532,-0.05761879703358539,-0.9943493746085122,-2.0021887335010224
1.1428228145150205,0.2010990467149675,-2.5623336587953105,3.973331741141804
0.7519330326867741,1.050654396007612,-0.19102776260016902,3.3409022519938802
0.7910319470430469,1.1055259329579838,2.412615421612916,1.985688934331958
-0.9093874547947389,1.1870303055603801,0.7846042878980238,-0.49174828691340167
1.4027943109360992,0.6387302220291846,-0.01926037973439464,3.822434911324372
-1.4018510627922809,-1.1430049127304835,-0.2628908292082677,-4.422567018050851
0.5868570938002703,1.633431532301096,0.02246589281204638,3.5986888195798383
2.1904556258099785,-1.146345393018688,0.54711911517521,2.461798919676787
-0.9905363251306883,0.30263546523903323,-1.1808128153088449,-1.1276486534991337
-0.5662977296027719,-0.7542758500193579,1.114321694668872,-2.68933984908375
0.09965136508764122,-0.06413834659299263,0.7153813154412441,-0.2473273950018944
-0.5034756541161992,0.32876241030348075,0.7181857257079345,-0.9140498700873626
-1.5506634310661327,0.32135721545027307,0.4384757388097273,-2.8474523237838647
0.06856297480602733,0.42192075423528475,0.019616657693989903,0.7564416876200386
-1.0623037137261049,1.613711269058647,0.6728612359668197,-0.2135912721921415
0.4735924306351816,0.45353430151397983,0.5918141337413779,1.4810730694159675
-0.9194242342338034,-0.24415663529064877,-0.3540407109410238,-2.023930502706006
1.5499344050175399,0.9640871682883576,-0.573601772896901,4.877100661960803
-0.7832532923362371,1.1894704889246406,0.1018562952619867,0.2619259781408978
-0.3220615162056756,-1.2276078151369925,1.5490201514951873,-3.3621610766204633
0.8135172173696698,0.597400069849858,-1.2391070756539009,3.1900352672445997
-1.2308643164339552,0.7011727423108983,-1.46752526575244,-0.7029709956152222
0.22745993460412942,-0.297563503359992,0.16476084123651674,0.010871271071661831
1.307142754282428,1.3757068133116197,0.05088770185601806,4.439679135569127
-1.6074832345612275,-0.15005558703252717,0.1733416643704082,-3.536630111880577
0.1846338585323042,0.12557645347154262,0.24395319790850026,0.3753737327392761
0.2598827942484235,-0.1730718242838696,-0.22320225463480511,0.4149852744518607
0.78182287177731,0.015579047581467534,1.4898634386020821,0.8890870143626006
-1.236950710878082,-1.0962750868952018,-1.6009039784765156,-3.3886246523429118
-1.3204566130842763,-1.4400508825942944,-0.828497024780246,-4.457958424087476
0.5219415656168976,1.5945050632249722,-0.10325476014904737,3.476201569290045
0.29698467323318606,-0.8469613483183278,-1.643188811154167,0.0554575068344431
0.25049285034587665,-0.9913923494563072,-0.17585440443207115,-0.8139772517314592
0.34644820949697586,-2.153390113603715,1.661470165728018,-3.404844554320374
-0.6800247215784908,-0.6389617476895023,0.020886488295961788,-2.61963413077138
0.23225369716100355,-1.3230897934074985,0.23070090571868349,-1.6729599543107632
0.29307247329868125,1.642015160136369,-1.2601647651725802,3.5753956873038093
-0.7143514180263678,1.0098170893426341,-0.6163614080394775,0.23107592043485978
1.8657745111447566,-0.6881503451777238,-0.375196380323937,2.7631790308626387
0.4738329209117875,2.2524358053443088,-0.31771509675623405,4.496117945401452
-1.1913034972026486,0.9817654869915943,1.2816437950037687,-1.417916578594967
0.6565536086338297,-0.32483138350862245,0.5576910607251245,0.5783330590286615
-0.9746816702273214,-2.4994057148735727,-1.111457956937032,-5.20339327311806
0.787084603742452,2.2909425725907413,0.24650477843200488,4.932921096672084
1.158595579007404,-1.389572466763596,0.49822174849678513,-0.06218744740087766
-0.8206823183517105,-1.6453987469568918,1.1401490385212665,-4.748997313315707
0.9633761292443218,1.0225704320096403,1.5805406865683735,2.554901296395619
0.4127809269364983,2.439752406339273,-1.0150941918278686,4.8175546786206676
0.82206015999449,1.3842728185105182,-0.8108575112103382,4.086965932703982
1.8967929826539474,0.5639091200523596,-1.2575778589146163,5.284043923835756
-0.2453881160028705,0.594754341665286,-0.23401985910698123,0.5087028430441897
-0.7537361643574896,0.8534155587803077,0.4663583744463342,-0.5021248705624206
-0.8895144296255233,0.7589285897867651,0.9873345165891019,-1.228877838935128
-0.8158102849654383,0.2811914239693758,-0.07595102364252276,-1.1110333029870545
-0.07710170941410412,0.10420110395187607,-0.31984752325484395,0.030308806732369326
0.3411519748166435,-0.06259312789952241,0.15175799224874037,0.5901380530439807
0.27669079933001905,-0.7539645888666763,-0.835142901630023,-0.26021553571763734
0.8271832490360238,-0.28067507686677406,2.0895387216947734,0.11334099818919618
0.01300189187790702,-1.6929568141953855,-1.6076610271180587,-1.8562794430398024
1.4535340771573169,-0.09833962679474989,0.18474057889572446,2.617048209986083
-0.2646568332379561,-0.9885911071509176,2.0236062192296393,-2.9264721909693105
2.720169166589619,-1.1035893172157711,0.006799844559997769,3.8331172439199777
0.6256673477650062,0.17989415115347845,-0.19003903500149447,1.714037650963781
-0.8571575564162826,1.3920022863445993,-0.3574454228104272,0.604625282682941
-1.0708924980611123,0.9183166060023132,-0.18039168176240783,-0.7844812290905877
0.4824724152431853,-1.5705006036231774,1.3728484746765302,-2.1103092347194163
-0.22346278532585084,-0.9896281365703375,-2.211861911329507,-0.9034567327542009
0.7140004940920919,0.9407711879882159,1.5334337012963255,2.205498409922249
0.47323762457354485,-0.9824873935383096,-1.423957152450145,0.06504387042206655
-0.07282891265687277,-0.2246331499970246,-0.2666523292344148,-0.25991161675316393
-0.846793718068405,0.5500520990245519,-0.42924442029866183,-0.5645916904397743
-1.5148472246858646,-0.9683444548636353,0.5885532697707198,-4.593525746380934
-0.4465149520670211,0.1053755061459599,-1.5981243518837476,0.02312687176382172
0.8563987943234723,-1.3340254949182044,0.46217266608194285,-0.44809477081331706
0.21409374413020396,-0.6013676439512138,2.0243096232868525,-1.2578536056559546
-1.245738778711988,0.319781934142537,-1.3631740045928105,-1.3919818216071347
0.173180925851182,-1.5929937335316693,0.18970616761039566,-2.2914858571535737
0.3853173797288368,0.440474737960399,-0.6619821777966091,1.5743369519058001
-0.883857436201133,-0.019637798926681226,0.42588720619303577,-1.9388439710026724
0.1537251059455279,0.552489954417148,0.01914777741575206,0.9382962340030434
0.058208718445999896,0.22391413406466143,-0.6414869090443096,0.7358001872173544
-1.142970297830623,1.3641404299738442,0.487872284871074,-0.43993477443212065
0.3577873603482833,0.12522450264790727,1.804348109786743,0.019754973458047276
0.5607845263682344,-0.429405541125253,-0.19090379172729868,0.6154571233306559
1.083051243175277,0.12229750303228384,0.7197579421481819,2.011898755404974
1.053802052034903,0.5432980290363882,-1.2932729578711637,3.6970742078913092
-1.377669367957091,0.04886007032570433,-0.9564363768180087,-2.2990620800905006
-0.9378250399151228,0.04059169120388238,0.47240627788037737,-2.118665195810464
0.5150352672086598,-0.7019916878067556,1.484116028535965,-0.8422409560878787
0.5137859509122088,-0.6629009175509484,0.35561334878566,-0.061566967708573936
0.5150476863060478,-1.4026052717996935,-0.31305803052315434,-0.8272436609863613
3.8527314906547208,1.7495767431869393,-0.0007085945766459172,10.375304925310026
0.570890510693167,-1.243863235391285,-1.2504077339697175,0.019539401973258014
1.135565640180599,-0.6929051977959073,0.6045153263553668,0.8117117337520153
0.9540017634932023,-0.7184072655691974,0.8823330623234091,0.5559485086260175
0.651391251305798,0.8949243769444413,-0.45209033283308037,3.023538096616024
-0.31526924464034556,-0.2949496782920278,-0.4700421477595015,-0.7643797331144074
0.7589692204932672,1.2477420726737338,0.2658782296520485,3.4347923260482167
-0.7728252145375718,-0.6734906242438685,-0.4367197360405955,-2.503188818188426
-0.23681860674000887,0.27899416222380197,-0.06613261462582246,-0.07452447645766873
-0.48536354782910346,-0.8353470532597573,2.0997217891665154,-3.347138916199296
0.08187413938632256,2.1451491277733883,-0.24702570074599667,3.57713275318146
2.3146585666735087,-1.1875984190295128,-0.3583401520212223,2.9220755068531448
-1.8672651925917483,0.3098207102270275,-0.6475418056351594,-2.8702789020916266
0.6862601903745136,0.6337768809320985,0.7441919714999368,2.0881433307968775
-1.6127158711896519,0.41379909745149823,-0.181224173218103,-2.444600719584605
-0.4719318657894335,-0.1852876588777083,-0.649373038321426,-0.8687335983685665
1.0889505969673663,-0.12982069973342616,1.321304032273012,1.2237307941080124
0.06428001909546277,0.0438114719791096,1.4196030045136372,-0.600209352709765
-1.0777447779293061,-0.14700200162848862,-0.6004235657387051,-1.950818884902326
-0.7153037092599682,0.9638791167949097,-1.8665399513606162,1.0264161327432695
0.6795977489346758,2.2105230015913513,1.0075136898369221,4.167321203400164
-0.7303666317171367,-0.5574917850078337,-0.684629825760004,-1.9964469826426112
0.21645858958197486,-1.369802979579078,0.7906255991627686,-2.2196808770971894
0.04557183990381377,-0.0882820483512548,-1.9701038177118357,0.8366872742682193
-0.6516003476058169,2.579709337654318,0.8925973382993093,2.3112065508341617
2.1439440893253257,-0.8036745679697308,-1.2111719292807812,3.5599167342361993
0.6339190223180112,1.6391168054440675,0.7307641190665245,3.3800791753909696
-2.025142586657607,1.6777008140764407,0.014273067836434108,-1.4401260887992504
0.18645431476942764,-0.5535882417079946,-0.953939419396645,-0.10599629012504344
-0.661786464768388,0.5689830791852754,-0.4070363129267805,-0.24810910681736445
0.852433334796224,1.628396623128538,0.6863184569567008,3.8980939295579704
-0.7925207384327007,-0.3791277409874871,0.10589445311523427,-2.205430382713524
-0.11473644146689901,-0.20358036010236177,0.5844129804724844,-0.5402096077569061
0.5049872789804571,-0.5816809139486437,1.9764405845154855,-1.0176270311076137
0.8657551941701215,-1.0147567306928669,-1.5642416117110514,1.097368951144856
-1.2002964070557762,-0.6492775450660071,1.617212574968624,-4.200395592934521
-0.3345012358409484,-1.2239402667622565,0.10435593752321293,-2.4798988251032204
-0.4749453111609562,0.03408346825922606,-0.8987840483231282,-0.4052426806015845
-0.6533292325737119,-0.7699732310586415,-1.3303136257389898,-1.8697771185768908
1.7654542402810969,0.2337859117907477,-0.1891203907770335,3.9990471828827663
0.40498171096095553,-1.5558956462036273,0.9216501119244593,-2.1704952484855884
-1.2608839543350452,0.33088023221445706,-0.12754912037753421,-1.9013482501024983
0.9178619470547761,0.8335289616089246,1.5111549302473475,2.360255717998318
2.1221561970126332,-1.9937356425714554,-1.4511756900515589,2.0431627920581734
1.0324652605511468,0.37405656984757213,-0.01208894784605456,2.737871682305394
-1.5193699659540134,1.2276689924732922,-1.252393444413119,-0.534277736970558
-0.48423407286625136,-1.2096410186912054,0.3636318826249679,-2.949936673101967
1.2669111491866227,1.6725723868377034,0.8868873900973003,4.511130349915022
-0.7076694656187807,0.4190190093660452,-0.42076179368105326,-0.6476515967128722
0.44381942814622843,-0.7050118557584089,-2.6042138566271342,1.250901462986144
0.7746340534293368,-0.05576907765770601,0.19894814679649453,1.509773957544465
-0.926930471578083,0.5583269125217224,0.4367385517335093,-1.2585508938715422
-0.05952535606180008,0.0760053914124115,0.4042947549616974,-0.2025897277605042
-3.2412673400690726,0.5387559924463692,1.235782191822154,-6.382753224879044
-1.0243876413342898,-0.9206735930793662,-1.0710536796490489,-2.77698314793636
-0.2525681513931603,0.169360824036078,0.6802161054504494,-0.5246614370882504
-1.2477831819648495,-1.4137144969049802,1.192507512477975,-5.018270121879782
1.6324113039316352,-0.11122606134870032,-1.7785875840065168,3.8994450001255045
-1.4301413779606327,-0.9039076414647897,0.31965182591897723,-4.41377092097976
-0.44004448669698376,-0.7355299425897666,-0.5041798310076715,-1.7081493795222242
0.13074057728609134,1.2360931752104374,-0.08152267310164589,2.2210312077112384
1.4412732890661155,1.091310120594269,0.34767648353833636,4.324106753499703
-1.4358621511794394,0.609138120907177,-0.4872285641135523,-1.8016989479867072
1.1631637521549596,-1.092312764672579,-0.6757080791616118,1.1138531497742137
0.010233061019587049,-0.3164084496948019,0.0341524174880246,-0.3991092249924829
-0.9815086510479509,1.2130976999791834,-1.0872459388628024,0.3086248072479019
0.46210347426327075,0.14171691363990474,-1.0858251288851855,1.8152391635395408
0.19905969557347003,2.319329539981694,0.6793732829565033,3.6544469305608898
-0.6002168771587947,0.39331783939437187,-1.148794035158656,-0.022630327921924258
0.06980208499001886,0.1920491164900316,0.6663125009092119,0.10248138049808282
-0.3853135968617599,-0.3091164642025014,0.4625912928539512,-1.4101917593426567
0.11351734525124799,0.13354090478228192,-1.7258067287905967,1.2040791050455915
0.6621306745210463,-0.15246983638054348,-0.6775646523356551,1.4373420685555134
1.586016816145352,0.7081086766885905,1.1941094030473725,3.421903591338985
-1.237815498826849,0.9567023167945841,-0.9811655311396816,-0.46234919234168775
2.1330333746562666,-0.7859894605079495,-0.46440426230938764,3.1631353674611167
-1.9520877995225019,-1.331232953557778,0.4620608932518965,-5.98171349316472
-0.15178509503558324,-1.8362053731032966,0.7833905092825955,-3.4825855137640542
0.5883172064845762,0.5079913269125437,-0.2515388860444957,2.043224148167098
0.2809918677350327,-1.1033666061738736,-0.5975101946916416,-0.8570844670533747
-0.6226995198205939,-2.152890592952483,1.4223698616985077,-5.214723747311374
-0.20812225035727533,0.3885786045309641,1.7388996637975789,-0.5609732913020903
-0.4930009346588331,2.4929995174327906,0.9788580507817954,2.0152875157871137
-0.5893647569442118,-0.006070911539893324,0.08531814256502405,-1.1027984138719569
0.849602097021025,0.8384907744516419,-0.8082657216409264,3.394875564650147
0.35701548596504734,0.08182935854756501,-0.8304444065565653,1.1312950482440032
-0.6929095952606542,-0.09888965319114267,0.5225141052657575,-1.9029419622458248
0.8995998754332507,0.9190764829877686,0.4183982208886837,3.1362546676246326
0.30729952087660933,-0.29027454418865134,1.4015985929464294,-0.6161627589972462
0.8128621188389601,0.26739231407190295,0.6504500925361393,1.586252611458109
0.6296288419236122,0.3216978061960136,-1.5030803017598182,2.607075998257627
-0.8289950109220725,-0.6680904536430488,1.0519476177229186,-3.1522442235415857
-0.5601810401969697,0.9920423495365228,-0.9980606273144129,0.7729391999144114
0.7472936051232618,-0.17495975669540864,-0.3839712719523516,1.4457957087200484
0.6103702654334648,-0.7557451594928447,0.2502002062516945,-0.1405525798622123
-0.020901593964148132,0.5365098435704035,1.9956674897839644,-0.12479002762241258
0.117327383308782,-0.8984679817910373,3.109918556005361,-2.5618693875843594
1.277664895788425,0.028181157369128247,0.6067230591361827,2.347440617944645
-0.5915713888358299,-0.009118996644203544,-0.18319661872038787,-1.0690568571530696
0.5470973811700377,1.085895565831578,0.5345056484805503,2.6319040993339047
-0.20219265243389398,0.4746982328799528,0.8876554258738361,-0.13619703574595426
-0.21768120322722037,-0.025026958745143917,-0.3206676255571917,-0.43075644433564086
1.0987768519871903,0.8177662992002871,1.7952113559123222,2.571544866101881
0.8254163489880298,1.3902075490173134,0.23007075919140207,3.82971334686004
0.8135096360006385,0.5578103063518622,0.49774308909139425,2.1133872376647878
1.305478807154329,0.010352619843380607,0.6659242520544614,2.2573781413771
0.02100384163275905,-1.3118362323501596,0.4215866106144557,-2.0948953667568038
0.6819529712949639,-1.0651136630753726,0.8389405004696124,-0.6586252871585112
-0.31026675659345604,-0.30522470435466764,-0.6172531865469234,-0.8679743344831832
0.3241663524884421,-0.6095122021592831,-0.5583017539460305,0.12540106433402187
-0.13014305436768459,-0.186971302985446,-1.100154232971695,0.24133812547403524
0.09699596499271819,0.056649924897107164,0.4395012306202264,0.07882934792337468
0.5951570254369136,0.5296927543567308,0.7789365035121141,1.5049781016792665
-0.8182206832334725,-0.07049877805909122,0.4577728661518858,-2.125972019136872
2.0923872756854602,0.4865016438262019,1.6744924333475373,4.103078398558573
-1.006017381499702,0.06447441481012024,-0.005596018829046555,-1.8021373970380747
-1.2141886127877322,-1.9754665663538713,0.6687416555925126,-5.678431128252989
1.1581108735000678,-0.9393353938187543,-1.0917008761393143,1.452828710249776
0.7916626939629359,-0.14408755572161547,-0.387099702474401,1.5018167404017182
0.6241198170521551,-1.2096947428411076,0.6955377575657775,-1.023287722212049
0.6283455092642799,0.5999287299962045,0.849102110743144,1.8155081907837827
-0.012246772846914623,1.5307508323436974,-0.29396694766418224,2.5099933387923663
-0.8972543714858315,1.2187618516973167,-0.07159925185806683,-0.08513931816572812
0.07580455819372633,-0.213442870930208,-1.5178737466808094,0.7493655811506138
-0.6771617115121117,1.490726136849952,-0.3570292008066094,1.1176875047434094
0.9751197334177512,0.14866745720211172,0.8903831635197862,1.8680085353933564
-0.14705738150213865,-0.3370859711180397,0.5752050161065663,-1.2215590025831315
-0.8254971967925115,-0.6134026635409398,0.5006657213812097,-2.9580136651285813
-0.32138584165299344,-0.30246968648812833,0.04977368718096008,-1.1362599876053892
0.4129314542756245,-0.38817681854122876,0.007063158628176452,0.290344544114837
-0.5637245528039749,0.1704162223754877,-0.6603211394734471,-0.3620281200152984
-0.8222203955664315,0.1605739810498646,0.6988284202025348,-1.6823861382778202
0.2436872114919123,0.0030460201534144695,0.4209729443893898,0.2571888533380481
0.24496657110872277,0.43693816974634986,0.49201884799279927,0.7966940520739815
-0.5069431753711298,1.1906462747863413,-0.5260348426675804,1.1581005400429576
-0.4710383056183228,0.9495541354413237,-2.1533429198712444,1.4624555092858906
0.2320499373576363,-1.4848979684499035,1.0971527117536957,-2.148976578359198
-1.4480843414973241,-2.553921134901955,-0.47883745600840416,-6.516070122304028
-1.4074637743765552,0.9343199112392737,-0.8627757640431206,-0.8230015926108545
-0.718444221252436,-1.366878698415421,0.6934789119139937,-3.7660528170790726
-0.21344715171184725,-0.22476540189268354,-0.3920126399191296,-0.5817356352474009
0.3109075655980046,-1.1701130260593595,1.0599363840466218,-1.7152622370989536
1.475356216949552,-1.8019804375800197,0.6170059495766975,-0.0948519849938823
0.8576596232020194,0.541462728204788,0.6835693232004776,2.2285603463485057
-0.1599385299634271,0.7591551603026468,-1.3659557112005343,1.5095491857491548
-0.01901620790268883,-0.5765104007267194,1.2119439853864005,-1.5681511503955277
-1.0025293646378088,-2.59104229214491,0.26125053123385605,-6.0388105741416735
-0.018513135992389903,-0.5462444482524828,-0.36927713924620315,-0.6638966717684873
-0.2886586389201379,0.3918040054025465,0.14338846734225108,-0.2741789128490627
0.3227185603380895,-1.4789115687741285,-1.77623523289832,-0.638995804556984
-0.827230943552323,0.1833599197791556,0.40865281148067084,-1.6817205356479286
0.5193465142411723,-0.015309849172995557,-1.0293715081820716,1.4150807684933124
1.5327389130025777,0.5792914996010884,-1.3526702858435344,4.442015783617483
-0.1087601484568576,0.11958036841415326,-1.5223591862178911,0.5436405990296712
0.40171172209894146,-0.9730689408815555,1.1126883749899252,-1.348068904930642
0.6901439917111125,1.1965715016644913,-0.6292633936927887,3.4188748370023077
-0.40122047188583626,-0.15852957302697002,1.5337277099164992,-1.6117732445177202
0.22409248181041677,-0.02730453950993186,-0.5358014630522978,0.6225409182925643
0.01259240078179486,-0.933267959073196,-1.7073579575929467,-0.5032631476229279
0.09767609854883172,-0.4432822511915103,-1.1165244399486591,0.12873917893536033
-0.7730097838554665,-0.8848027140269009,1.2358116200069387,-3.4780229301331684
0.024510174258942696,-0.17294605992342302,-0.15589817793666752,-0.14019399847151473
0.4979982912454495,1.7117084801423437,-0.5482872964906009,3.7181735745897906
1.4511436077950417,-1.3719011429313563,0.1600182258527877,0.9095191430945765
0.9592708260852069,-1.6135613978767411,0.501782736167545,-0.571972148364682
2.1531824575115563,1.4711703274936085,1.1173988159024606,5.7861551289000275
-0.7673475628880495,-0.20932367715186612,1.448499229892926,-2.6753331155389994
0.8723206367206782,-0.6690727386599166,-0.3597686457890858,0.8929354541083239
0.18334200573835174,1.0399046873960764,-1.3260476860820385,2.493111106120818
2.1898029332176723,-0.6056155397368641,-0.413465161123276,3.728511692737273
-0.8082982853551515,1.8260097135469362,0.26028050658288615,0.9194505260779969
-0.8397218421807761,0.6779258713392691,-0.9637589262106109,0.03583019253331707
-0.5993926454440222,-0.48791140814570266,-0.9571509148950429,-1.3330220862247173
-2.123895724309807,2.1573082132655035,0.34378788154988543,-1.1624656664330797
-0.525755021680761,-0.6057149230033384,-0.04865235157045115,-1.833057625749331
-0.759132661553698,0.742095372009307,0.03279699541158651,-0.3109307203634978
0.15039378647620763,0.2992925804064919,-0.7584953347000695,1.0725793621063635
0.34175597577715944,1.301741289398798,-0.23040071420576733,2.6697025183012033
1.8761708392158862,1.5615111967268527,-0.9242331442683044,6.564539351953168
0.9504238381860503,0.032004149065766624,0.8901984111247868,1.5899183068581515
-0.5769036556624031,-0.7534178703461835,1.0352493347237526,-2.7876527443406163
-0.898414671348358,0.4599721429391164,-1.8461878622380938,-0.3414768453880941
0.4919191715065057,-0.6777153697521061,-0.92951086019241,0.35173827408597313
-1.3202332070206422,2.013387247526623,-1.496529255090079,1.1204817984342519
1.8314587658543537,0.13653533108273744,-0.6500239344068982,4.18516593510368
1.179440120721287,-0.3653215513121087,-0.08343796979036086,2.049871117048572
-0.4691756521047048,0.1846803058649084,-1.44964521969853,-0.07510702980268177
-1.713134529090878,-1.3471262895296965,-0.921859813125313,-4.935469661730057
1.3538723741654133,-0.9716140385106515,-1.0039573720814983,1.9012136874384273
-0.11453984525261789,1.2004139079444254,0.20726732939894396,1.6950524812542098
1.2378163119734618,-0.6568942789713957,0.06934433703625043,1.4151792946533084
-1.594427658794367,-1.0469109826819396,-0.7217375533372533,-4.349210069670998
-0.5993750229537729,0.5366527525272862,0.17682087213939798,-0.4252053174664508
0.005243699718183166,1.185704154662997,-0.5466800845872654,2.0819318468798236
0.046980593764742055,0.7189533106650667,-0.2716551103260533,1.29833418856618
-0.45006547147924364,0.9960476858058164,1.673452090298537,-0.1991879204490267
0.6228499323474987,-0.7567950885694608,1.340461051790348,-0.8129479025763362
-1.0676204293825944,-1.4218106667418438,-1.2995812369275976,-3.5499592914078923
-0.1423794850212935,1.5013336519554867,0.8297324178791745,1.5649930893172528
0.12029563171189886,-0.32267983884213575,0.8113965544915921,-0.6713742617630285
0.514438834058749,-0.25083301645504735,-1.1482632887526183,1.431446007383192
0.7116148780888896,1.328194141849058,0.8187776437548606,2.9386387451948806
-1.124642091837869,0.5562300094006599,1.5379319184125528,-2.2242127276875276
-1.5341141707356223,0.45588777208160763,-1.1225448062444139,-1.623968950006153
1.277676821898509,2.165002344901084,-0.9175028210142636,6.17840244117079
0.33231401197959165,-0.643518230380143,1.0176614668435024,-0.8644915833264363
-0.7484865365565536,0.9278401280812372,0.271495310825648,-0.2556630787471604
1.551151975522523,0.05701312489708459,0.5514762752395233,2.996158948983866
0.11567463429285867,0.26859227886325737,0.3405892164004968,0.4847233294156864
1.1792971840638264,1.5284684264125317,0.39069592092814415,4.326686512567152
0.06751848141010895,0.5078357562896237,-1.326472128311083,1.506809805097476
2.060747924881987,0.538296079049633,1.0473177066214483,4.344545671706478
1.7553408424432044,1.0725073373098022,1.1695899924277735,4.526925590114921
-0.2489641484790735,-0.3649527295428853,-0.22939074406802776,-0.8880776533754782
0.9715709509543554,-0.8392096673390064,-0.04347694981386243,0.7478864513959299
0.6453759495851475,-1.0448091940210336,-1.5311075025557226,0.31149068401176594
1.3686315575323487,-1.9663565893760018,0.514254756017835,-0.3630050482521373
-0.9649234605801045,2.056207129940322,0.5720574417141441,0.8936919374928647
0.6860514599984393,-1.1032083657216831,-0.062191016999311004,-0.11316091532659997
1.0584244868495878,-0.221253623585772,1.1243533598705027,1.2672116911143336
-1.7587394864231143,-0.27681329988892067,-0.3340772309799405,-3.6555280114160627
-1.183258512665775,0.3074066978091007,0.5646059258936003,-2.1410554104196864
-2.0392321777601006,0.8157372125392965,-1.0196643386921156,-2.2104037917449237
-0.26940683444455765,0.8604734883597454,-0.02355215087423812,0.8158977026893997
0.7175422557959621,-0.5830774385689385,-0.17435425790283585,0.6378539580456439
1.502357052096028,-0.1671217137864115,0.2253079220409414,2.8686210445366567
0.07409478041977519,0.28257995048829965,-0.3695269288333583,0.8457266632166682
1.6286155455712918,-0.24869112618354708,-0.1314725956716678,3.0073051418035384
-1.3801014582148914,1.6073455760199926,0.8260471714415063,-0.8898385797743809
-1.7033824393551547,0.49097495163825133,-0.43676423723821745,-2.5807510943801772
-0.05554769889661878,0.7348777860498175,-1.6065771007386793,1.8237813798650138
0.3840654489393073,0.6628812686674127,1.7495839042054206,0.9022129685538474
-0.03269474809409311,1.173473857485325,1.3814540786904865,0.9426819941937262
-2.0674421000398766,0.18102155870370695,-1.2922626951056186,-3.2031222445101775
-0.08912003951278841,-1.2968319479558466,0.6897078052451944,-2.3094792107775843
-1.3044695005048532,0.3996879517526416,-0.5029747705513431,-1.6883794406500425
0.6696725488300385,-0.651356893791829,0.26348721533105957,0.11646529833152974
0.36659824609684827,-0.5286166817497568,0.2942241290134937,-0.21799147765197996
-0.9398797863273552,0.5863640187550933,-0.234407800316322,-0.9635062924491657
-0.5138669173366935,1.2382830714336357,-0.7837656655863965,1.1828036136294084
-1.0592135218889516,0.02127157673606165,-0.6905410523162594,-1.782610719078645
-0.06267909727317188,0.3088330125989638,-0.9161919154812425,0.7482227238323227
0.9551423205012383,1.702214944635238,-0.8318222082304447,4.754004624873216
-0.9857260463355437,0.24075317948856825,-0.06717829004935526,-1.5894986465653764
0.5040465155178444,2.601683114180395,-0.7157599891107518,5.212436933176925
-0.5302576183724408,0.5655096456315442,0.6820520657126199,-0.8462216701541021
-0.7928728322623442,-1.7607627591558177,1.4872461553359273,-4.765215678476212
-0.10703035995455783,0.7533416211045325,-0.580053241370043,1.3148552978543717
-1.035242322419374,0.38115838488277776,0.23940450053537707,-1.6560793902747697
-0.553649305347182,1.2897527540827458,0.499685110302934,0.5793698702523475
-1.1978778925888485,0.6731813512699585,0.4720022709192745,-1.7391503284641525
1.9647251329163893,-0.13845598398377382,0.0759552679160874,3.853360943680161
0.03526355197172861,-1.2242982362893657,0.7426824183597222,-1.9475325901931413
-0.6997255079925854,-0.2090232572860252,0.4822489526806572,-1.9384410054298846
0.21397991073422196,-0.8505204542092998,-1.2376624223272978,-0.1266365842633223
-0.11232804969082963,-0.5805234498047227,0.8691560643892732,-1.5124906283899877
-0.2209695995332226,0.5885784044206096,0.8872908372667421,-0.13638955495649482
0.6141667000434252,1.6699045043514062,-0.7632861041785816,4.073650871806885
0.7575077100473051,0.3946715298229811,0.03793783544760203,2.1012465937824767
-0.5305011476105275,-1.1958830620351844,0.6833289928110694,-3.2419461565537104
-0.57581824064468,0.4446026682201407,-0.20931381957936157,-0.40194089691297175
-0.275051697151644,1.196631486645651,1.0729780477660118,0.6992148560312713
-2.301921164735585,-0.6097829043193822,2.3638724946193608,-6.70854078304647
-1.515191062198552,-0.1340171666729177,-0.7859860326349823,-2.8331890090392413
1.3668742674445244,0.014688194729197093,-1.3810446031537749,3.340242621920072
1.6449677135012837,-0.78489831308224,0.30381859560487573,1.888977044663976
-0.24903603955637832,0.648280433843859,0.7215625051261435,-0.014891107480036775
0.5765569630557664,-0.12094814860778157,-0.230866373844769,1.184906445090865
0.3112501545435361,0.41953244390702776,1.4532606633210345,0.314603949103064
3.0788808084552377,-0.8874921778021001,-1.3386057997232488,5.6111852844006425
1.1195749114345768,-0.43745830032341043,0.6929186230316111,1.375138000594517
-0.12791759148076653,0.7223813578277714,-0.6058608207588934,1.1004492054613084
-0.9555404406004258,-0.372833152091767,1.7193779062072967,-3.59033327122488
-1.6064463202575725,1.7269638512334051,1.9925153531681183,-1.6548355964458255
0.2034636358672231,-0.39963618561460235,-0.7666565877833479,0.18438287107533477
-0.7563507452843033,0.22468472575188592,-0.5495571359085801,-1.0019556559793792
-1.4222537095976742,0.9325908318730899,0.8595878869798019,-1.9269369542564387
-0.6465728842425267,-1.4183657329330317,-0.3871306497895146,-3.0741095231035085
-1.0815480036143952,-1.7608088119807759,-0.04541121793223822,-4.715110900003661
1.6871416350725648,-1.5256563145700948,0.02538842054241018,0.9806481765809725
0.8816397569494505,1.262584103427182,-1.9196731561976563,4.457232330178959
-0.007972641316617375,-0.5518581458924467,-0.013837746094237255,-0.8695153601857635
1.4799441388900263,2.5581992856682523,-0.6897277740641741,7.120705415379475
0.0773683076476183,-0.5642475986573886,-0.493122822399772,-0.3954534527546287
-0.8612842013282637,0.18455130319703697,1.4436320034688142,-2.221089120852145
1.5231240772696573,1.5421099525678756,-1.2565068942792563,6.038816488066943
0.5389100436846587,2.006092888159123,0.8132051867479773,3.8738722302400364
-1.0372461543264564,2.061503576636398,-0.2789629303318085,1.2387946237120147
-0.1903386780836082,1.2083662305931424,-0.2797601684958344,1.566943223237337
-0.8756182533847574,1.0240625258114624,0.7903718960517113,-0.6286437131835065
-1.3827997309643363,0.5925269492011831,0.34005129456889044,-2.08250199882933
0.9261775475316414,0.7783610761666377,0.570612997219531,2.8526543019486885
1.9094166404701305,-0.5511857163285334,0.9681846605328611,2.4452310315859003
-1.3985675738191412,-0.8181988834223072,-0.33130838318332273,-3.8542570102800844
0.5629692366905709,-0.0033744574109520514,-0.6122367345077503,1.4321149447066974
-0.6506425691218272,-0.17018462252492844,-1.085150526557798,-1.0641652280333012
-0.4871253837646962,-0.4532280493272752,-0.8254105299789551,-1.3786341313192378
-0.5923939242388692,0.6963874474567154,2.9490944253087252,-1.582456439585261
-0.863990769679816,0.9553052085705108,1.2446795807367868,-0.9234639140577975
0.04852162794482699,0.08840688629184734,-1.3510743662080213,0.9552148153750927
-0.8309501164110378,1.4775300810552616,-1.3224579567435701,1.1622638364886853
0.2704568257798388,-1.141689114133505,0.48186606171849145,-1.290470920618521
-0.05023810944913695,-0.19365945927971812,0.5472647973779668,-0.752275184628019
-0.23894804686640975,-0.7168223206028049,0.5488838353173644,-1.65636746389392
-0.9075636620415979,-1.86653661707306,-0.25495579355369785,-4.662218003898762
-0.5767713305683327,-0.08268068584269925,-0.12545426000290022,-1.1713595534435752
0.755391225825756,-0.12174750838328353,0.3278795241593574,1.2117644952495703
0.5009171876243808,1.513449743242131,0.08589300629333041,3.1495067801712047
-0.977555244798551,0.6308116845547775,-2.219300372747535,0.14319661739493314
0.09933230542922587,-1.024186824329205,-0.22979963057519381,-1.0947639433717429
0.751387123371789,1.8540925663341883,-0.8514064342603136,4.487934429439612
-1.6694052811213718,1.221033695525353,0.17521141890851205,-1.5445912476598889
0.543360192379935,0.5820977034686158,2.98525900260341,0.21791035662808092
-0.6626237589458467,-0.22648409884983187,0.3674816654743044,-1.945280979255914
0.5705986685931593,-0.9594392367234795,-0.3135296861723979,0.0217199616773929
-0.7632591565425169,-0.3722067760710529,0.9218015019772522,-2.6039074315194446
-1.804882100664519,1.0887486197041858,0.4826878872092127,-2.335373211818263
-1.6275424378831627,1.8845863059346086,0.4200944904518413,-0.6580464349888013
0.048084946661381994,1.5432435282721888,0.606850593215671,2.3144005229395668
0.25972250172148187,-0.4888494217862741,2.056543564829542,-1.4252691363718208
-0.9043166251044086,-1.1196174332890112,-1.1308884353259159,-3.0277461736433104
0.6385924587773739,0.14088624691120394,0.47363207681145447,1.4014414178337893
-1.6615200622689599,-1.7684393655628516,-0.9263811299815384,-5.326738373537655
-0.06607979864731657,0.32316771418478146,0.5555126463422483,0.06449252838238652
-1.2110161997624564,-0.14760258629866868,-0.9186865114860944,-2.307998293482533
-0.6518361078021592,-0.46603650186824225,-0.4173668136050844,-1.5844592114232237
0.047398671316414016,-1.5947030672667954,-0.2950899142379063,-1.990268061973492
-0.8604133652839524,0.5136001065697166,0.975816719344709,-1.3704402316094613
-0.38455554422982535,-0.5327008396619114,0.9184544439424138,-2.108629804817467
1.0062928092144405,-1.169916835710288,-1.2457173764463845,0.8756661190028378
-0.5768918695231487,-2.8722622132816493,0.054934110999848726,-5.505680122573179
0.8356921120651418,-0.027514905050636255,-0.7095798547491726,2.017986924390473
-1.129706854657618,1.772251596669744,-1.2585049106753345,1.173316284840181
0.5298041779152828,1.66125921454787,-0.21701705042437042,3.7479474069782963
1.4415686206579004,-0.45709625658627184,-0.3084827884558197,2.243996642965827
-2.4716445001272893,-0.6022120603617805,2.4267164863455224,-6.922315688968057
-0.7968952554704768,0.46877425607502377,0.43295982536069616,-1.0757958255074505
0.57707212718054,-0.9983854391882915,-1.3776175007542373,0.41408142554165306
-0.2030453860429927,0.30179189981946597,-0.5647740041709423,0.47563816565654504
0.37114587337130883,0.7660802783846903,1.0213832954293984,1.269562491653599
-0.6039851867158206,1.2269332238843076,2.088442772869925,-0.4153744819107885
0.08658978747289992,-0.10015407647995278,-1.5859833122379583,0.7627946612089284
-0.15567723539207948,-0.20367375017696587,-1.879924385139045,0.1663111539833691
1.1677820616598074,-0.877982586756561,1.8709651753717822,0.11777865325937398
0.2544208433012131,-0.82688035403986,0.38961417737090387,-0.6751302779843733
0.3376026620752022,-0.22647889190152676,-0.8682927318763665,0.5856255777857222
-0.4118769661224674,0.3673655068161781,0.5346290861224353,-0.5432482761868324
-0.48760622407249354,0.9135846262332494,-2.6357477390168778,1.7770926542208032
-0.4325581878196209,-0.8031789506803448,0.003375506597160999,-2.0592647347927215
0.39445214237829684,1.4926885689595217,0.3278211728430852,2.85271374652276
-0.42098448082026296,-0.2711236010425688,0.9242701395378297,-1.8407110693178765
0.28977485689641286,-0.021367294348436157,-1.0138959522925377,1.0777254227104567
2.0754007986454384,-0.7472116791478234,0.08568716140335904,2.9114641001658694
0.8711247034316923,-2.4242402602729416,-0.9254246260595873,-1.6503908410140893
-0.32602353216784113,0.8840453963610497,0.2553837556743171,0.6657883744201069
1.2012139221639448,0.7368438970924334,-0.8953463223630241,4.051205433132256
-0.4080753730215514,-0.2813275571182134,-0.4081008391602206,-1.0289255644552044
-2.038124535177854,0.06699071722487192,-0.9958153947902291,-3.4549478283027146
-1.008086310917404,0.5159392177040995,0.651136241823657,-1.4604001149189312
-1.8707919210258557,-1.5625458568865427,0.8584511166566653,-6.49219422003205
-0.35151348404130867,-0.5290526773462948,-0.2346205699574138,-1.2888939436472213
0.0184183791895517,0.7942646796218271,0.03823799496002834,1.1793665602444448
1.6764373122752827,-1.2542894231692494,-1.4485914146335441,2.326934570970858
0.32692737376416264,0.2935579321666293,-0.29967664800678706,1.2761085423749312
-0.21910052880886424,-1.356581804623405,-0.05020461704174478,-2.4285662616713766
0.8294055811834892,0.46642998243352635,2.620793091029975,0.9210534816310773
-2.211135309007885,-0.03564148229748357,-1.1119670257741636,-3.8910537431447434
0.23561455810856594,-1.6151318159055095,1.4641772387524374,-2.766752718766796
0.7708651938869668,1.1647393544571714,0.996858773465808,2.726581760073937
-1.4785862457798415,-0.734591576798049,0.2806364044901364,-4.280915621833437
1.143754043206929,-0.8102524370143808,1.7586204841951334,0.08619569560479784
0.3384964074944141,0.20056919723094285,0.3721054726068629,1.0042710148335072
-0.4152879139008013,1.1486373494287152,0.3891591956679287,0.8309345047063462
0.6327818661062848,-1.015821818978397,-0.053120653017545344,-0.03957191953182698
2.270692857804396,0.06167984984797165,1.2235688824186275,3.8998315472158787
0.18186625505849516,0.42881650033057295,1.0964692338108837,0.46584801869849723
0.24822058630033608,0.6931056072631441,-0.6256772874962124,1.719587464723085
-0.4593608995402441,0.1764415552772252,-1.3192471945987674,-0.0640053565849731
-0.8498443694647918,-0.3670278390833223,-0.20298063739565708,-2.240552877198396
0.8303358165442456,-0.8275902206487197,-0.8000385643976464,0.943263984958391
-0.8560838259088672,0.08614388304637476,-0.0635245746153551,-1.590812507750671
0.07156623721939247,-1.072139011985607,1.2374381346841392,-1.9769571775122932
-0.4776574467651167,-2.9213504834946074,-0.45730165508679,-5.048277702269898
0.47897982574639203,0.4365598041576678,-0.04282338131157488,1.864574923595552
0.33366210528694845,0.9039348410861953,0.058022734808395225,1.8462706824850197
1.0375399442578994,-2.3629324355418384,0.8484308822052846,-1.7676108819209213
-0.5100163988547471,-1.0097307047099375,-2.246889333984605,-1.296540100742025
-0.26987493529337125,0.6191542610051978,-0.6067002947652964,0.5949937845009988
-0.9787637157823074,2.0574954697116987,0.2112836922794726,1.1237872605105133
-0.44429326007611136,0.020793707675407887,1.2000789564268612,-1.4238209405499187
0.37730049304485197,-0.7280029412291342,-0.49190244750620515,-0.1141998279962356
0.7569886166453519,-0.18289644110484016,-1.876552706041874,2.0955153759571807
-0.9221653241776254,1.3748764191481848,0.6197114459661363,-0.1637826877609605
0.8696059201056602,-0.6459641791245353,-0.6353623888256293,1.2929279755159246
1.355637858804951,-0.7991920066502536,-1.1896666590903613,2.10738931907545
0.41343490322370086,-0.4827435221820324,-0.6243453897132241,0.493140218184111
1.876795812558066,-0.9533286082587124,-0.18452535765584954,2.336771453389233
-0.773789199103573,0.12267031599479553,-0.6047446645382127,-1.1391858865680105
-1.244654703311417,1.6246784584695606,-2.205566057099069,1.1586897905560358
-1.7787202489042786,0.3230792731160291,0.8970661968871322,-3.656312307733233
1.496044311489183,-0.2523535021262876,1.2748750412787222,1.9345994723590465
0.6543656563540577,-0.2918112689155441,0.6515219913395057,0.5486561547722696
-0.05558467091045507,-1.563190808696657,-1.1376856704248166,-1.8759754594694824
0.2799686263198203,0.883109777147159,-0.20149153394751798,1.9674383568325222
-1.1254890472983765,-0.07783719701280203,-0.006521315229458062,-2.3248912543916345
2.4457519796168263,-0.18047991359062565,0.5987943895619102,4.390672469648541
0.1292211819752275,3.193107567844861,0.6683404887180808,4.7873972259046385
0.10939479460489293,0.29875290836568624,-0.7341737987784958,0.9354254702807805
0.7257666238986923,-0.7517910500951843,0.08199555641356042,0.2544333846549482
0.4810092317367132,-0.4263575962055433,0.4572804046152411,0.2133181530451847
0.22388402427913137,1.1484457091967548,1.4558223221467665,1.531990170037399
-0.7904744554453119,0.11327041053776446,0.704506539824723,-1.900582510144445
0.4714683571359957,-1.4382779783173667,0.7890566873755188,-1.573860606856598
1.8820244964750337,0.9192289345752035,0.08382662792936095,4.903156555910711
1.3454200461549777,-0.668144085538994,1.410459145203504,0.9880878816057493
1.5931866266393973,1.8732977762175456,0.4097627959594974,5.981215221299962
-0.5112156764311853,1.0800480657146485,-0.8610879101735704,0.9333954290694889
-0.9896048202585809,-0.4473218956587511,1.4033699701251907,-3.4353097736170417
-0.12578692009964815,1.2810163617351127,0.6979032725390276,1.397402044291145
0.055724912288694604,0.06785551052740331,-0.4430440211284823,0.28047494941177076
1.0941915184709485,0.8527736751222197,-0.47949296739924335,3.6440145303363445
-1.6924646297148194,0.48473281729447476,0.2965755451407616,-2.7464736923001323
1.5295503194606137,-0.8463566549908735,0.46318479526758444,1.4945446740321846
-0.15800789857898942,-0.6435498323174619,0.19729226563120666,-1.4035836771708723
-0.42688106994742003,1.0299608175811612,0.31130867344288515,0.6099433207869627
-1.0121043752601677,-0.33477533210654087,1.6999573745763805,-3.3341958276146806
-1.6548566718657698,-0.4036484632419967,1.0715431522348857,-4.424275775082437
0.8231705839619146,-0.955122579349353,0.19063559126502438,0.08442727534028346
0.07331796718840389,0.42359906559346105,0.9413105807674834,0.34838535391015313
-1.2899608997410539,2.062524919243145,-1.0325239035275395,1.0177542631364034
-1.295078772063616,-1.0675329142542729,0.39792704994680894,-4.344639879489468
-0.3357846992901282,0.02421945667275807,1.80930634973311,-1.5895865909494722
1.669021525289393,1.4122205554154292,-0.21804589539237385,5.547139933960163
-0.2595913513636048,-0.0796413912457152,-0.8476339286190848,-0.3138236045414414
-1.5031429531181062,0.4523717962497342,-0.6520888885930607,-2.0051845285657044
-0.24574306408594407,-1.0623935281468797,-1.0896330373423884,-1.621359988083898
-0.2727235697476702,0.4283070972076486,-0.7847619081277034,0.37798981536378484
-2.6968866429415717,-0.18714426500454878,-0.370508098590029,-5.4633695193094125
-0.05429486651781221,0.985729995679863,-1.405567019178642,2.094062747659257
-0.23093453020867796,1.187386051564751,0.015618333949603047,1.3896882234498265
0.6962063648134184,2.5895636420186134,0.9022771737866472,4.782507048803923
1.8489560949453452,0.5796331732135757,-0.9077561801469204,5.0620453244681896
1.1265650295477574,0.32579631658216646,1.5192839236417688,2.0372623293752463
-0.2688886905548305,0.19438430157733602,0.5107920885275947,-0.4571195922242948
-1.1065259087416701,-0.35316629281068834,1.0305805856240573,-3.3406569177916157
2.5733598032498604,0.33848384346169114,-0.6578345538521371,5.9982989968454445
0.05921843401448826,-0.29540141013902943,0.8545252270666157,-0.7155138311074093
0.013929291912946203,0.1684609762696143,-1.091933900395313,0.8272348451187646
-0.024125087110003277,1.3175975356079597,0.8902475008365087,1.27437461293657
0.19808476076785533,-1.0065425652796411,0.1718393397935313,-1.1835150338831686
-0.14436041192394275,1.1398785611290454,0.553251219984784,1.3657245117930148
-0.5736620068802363,1.3171150673398653,-1.1755946056248516,1.380141963186053
-0.5468589412403921,-0.11806852699107874,-0.8950698422766047,-0.896093461614632
-0.03275327021599839,-2.1218548990085946,0.5972282182533848,-3.5095681421004414
-0.543424771133765,-0.6078219870944325,-0.9483480042242007,-1.4931706997504213
-0.7128457826771644,1.2969945465611092,0.46320629209912306,0.40747062497941516
0.10643022769189683,-0.022868062298882122,-1.3671378064602457,0.7363404495747046
-0.2549772174208552,-0.9993022322949108,0.8481742126666681,-2.3598568643599114
1.5039929885826884,-0.5047749212282174,-1.232523314768509,2.9261274588324517
-2.650969808393012,0.840620026504553,0.5522999376795235,-4.331374199563011
1.0915068519224618,0.5467335682013793,0.6256309336460011,2.724167321116161
1.246085192497629,-0.23893209916969452,-0.6967718184295749,2.5851038936153397
-2.0733902324081495,-0.36682441181468783,0.5820265670847269,-4.900798828077849
-0.34268759408034877,-0.3917581490438219,0.26044226333355597,-1.5175354746005811
-0.37144086599579146,-0.9224101844985025,-0.5388418561927383,-1.7750602619674194
-1.4075116947178212,1.6153756894694418,-1.008554684076208,0.10584862630337247
-0.7778166875908753,-0.3223204692113399,-1.962625691672579,-1.0505138233609197
-1.1105758454658288,1.2171585208254965,0.3496500472996937,-0.5629192342430903
1.7522704434236227,1.5213160519224513,-1.5648027713620551,6.553892051532125
0.9356783931474612,0.9983108981479604,0.0953441994413082,3.4403217835069153
1.2715550949941588,-0.4316203127180484,-0.2634482160822491,2.0190320329674485
0.7216720640432349,0.40373009033660945,0.6791427754381955,1.5974132630339695
-1.129051771217229,-0.024195606390916165,-0.3020454994898642,-2.182727187872873
-0.5245202662797737,-0.9037018607301281,-0.32944778634709126,-2.2219999588001462
0.48937456122791806,0.324359281721603,0.7318707042882954,1.222274171323798
-1.2221278088919454,-1.1790397911598025,0.3350580290841175,-4.320034850570771
0.7129984301723881,1.1876793884615637,0.3161559571827783,2.9643844365710286
-0.24032539815813486,-0.4646172972983931,0.46926758980852623,-1.1636915455002335
-0.37482080754959723,0.2011596558728393,-1.5355721232071058,0.34636146141141533
0.7109599682034917,0.28328787154614216,0.756788679986982,1.5959964775326072
0.4442633114860399,-0.25890497370407733,0.6124687940136023,0.1787633220514398
-0.3609661658190799,0.5866938014752747,-1.0166831285764972,0.7197858593335458
1.159329803364248,-0.47490365662252443,-0.2440804736742013,1.812291209083651
-1.0810633275998973,0.8712972974572442,-0.039307287627631186,-0.7137075940246871
0.6159356069442637,-1.3459796802467485,-0.1344967844017327,-0.6141130837429065
0.5931012579683838,0.12637957954641182,0.33385996656853467,1.2960616019794158
-0.3095464393139903,1.9389289990582848,1.4313667818311835,1.5421085559244436
0.326133022242118,-1.0003313246055747,1.0817667276728287,-1.446288910456147
-1.2511135763853032,-0.6777449705248515,-1.3122191934314063,-2.8294742608097607
0.924027019206901,0.513907849658915,0.6220699903060487,2.401193624983257
-0.18490213644298903,0.17958178193959795,1.3289333195354096,-0.7871703298219467
